-- MySQL dump 10.11
--
-- Host: localhost    Database: my9finance
-- ------------------------------------------------------
-- Server version	5.0.77

/*!40101 SET @OLD_CHARACTER_SET_CLIENT=@@CHARACTER_SET_CLIENT */;
/*!40101 SET @OLD_CHARACTER_SET_RESULTS=@@CHARACTER_SET_RESULTS */;
/*!40101 SET @OLD_COLLATION_CONNECTION=@@COLLATION_CONNECTION */;
/*!40101 SET NAMES utf8 */;
/*!40103 SET @OLD_TIME_ZONE=@@TIME_ZONE */;
/*!40103 SET TIME_ZONE='+00:00' */;
/*!40014 SET @OLD_UNIQUE_CHECKS=@@UNIQUE_CHECKS, UNIQUE_CHECKS=0 */;
/*!40014 SET @OLD_FOREIGN_KEY_CHECKS=@@FOREIGN_KEY_CHECKS, FOREIGN_KEY_CHECKS=0 */;
/*!40101 SET @OLD_SQL_MODE=@@SQL_MODE, SQL_MODE='NO_AUTO_VALUE_ON_ZERO' */;
/*!40111 SET @OLD_SQL_NOTES=@@SQL_NOTES, SQL_NOTES=0 */;

--
-- Table structure for table `groups`
--

DROP TABLE IF EXISTS `groups`;
SET @saved_cs_client     = @@character_set_client;
SET character_set_client = utf8;
CREATE TABLE `groups` (
  `id` smallint(4) NOT NULL auto_increment,
  `groupname` char(16) NOT NULL,
  `password` char(20) default NULL,
  `notes` varchar(50) default NULL,
  PRIMARY KEY  (`id`)
) ENGINE=InnoDB AUTO_INCREMENT=2 DEFAULT CHARSET=latin1;
SET character_set_client = @saved_cs_client;

--
-- Dumping data for table `groups`
--

LOCK TABLES `groups` WRITE;
/*!40000 ALTER TABLE `groups` DISABLE KEYS */;
INSERT INTO `groups` VALUES (0,'mygroup','','this is my group');
/*!40000 ALTER TABLE `groups` ENABLE KEYS */;
UNLOCK TABLES;

--
-- Table structure for table `in_corde`
--

DROP TABLE IF EXISTS `in_corde`;
SET @saved_cs_client     = @@character_set_client;
SET character_set_client = utf8;
CREATE TABLE `in_corde` (
  `id` int(6) NOT NULL auto_increment,
  `money` int(6) NOT NULL,
  `user_id` smallint(4) NOT NULL,
  `group_id` smallint(4) NOT NULL,
  `in_mantype_id` smallint(4) NOT NULL,
  `in_subtype_id` smallint(4) NOT NULL,
  `notes` varchar(50) default NULL,
  `date` datetime NOT NULL,
  PRIMARY KEY  (`id`),
  KEY `user_id` (`user_id`),
  KEY `group_id` (`group_id`),
  KEY `in_mantype_id` (`in_mantype_id`),
  KEY `in_subtype_id` (`in_subtype_id`),
  CONSTRAINT `in_corde_ibfk_1` FOREIGN KEY (`user_id`) REFERENCES `users` (`id`) ON UPDATE CASCADE,
  CONSTRAINT `in_corde_ibfk_2` FOREIGN KEY (`group_id`) REFERENCES `groups` (`id`) ON UPDATE CASCADE,
  CONSTRAINT `in_corde_ibfk_3` FOREIGN KEY (`in_mantype_id`) REFERENCES `in_mantype` (`id`) ON UPDATE CASCADE,
  CONSTRAINT `in_corde_ibfk_4` FOREIGN KEY (`in_subtype_id`) REFERENCES `in_subtype` (`id`) ON UPDATE CASCADE
) ENGINE=InnoDB AUTO_INCREMENT=6 DEFAULT CHARSET=latin1;
SET character_set_client = @saved_cs_client;

--
-- Dumping data for table `in_corde`
--

LOCK TABLES `in_corde` WRITE;
/*!40000 ALTER TABLE `in_corde` DISABLE KEYS */;
INSERT INTO `in_corde` VALUES (1,20,1,0,1,1,'test','2010-07-11 16:17:48'),(2,22,1,0,3,2,'TEST','2010-07-11 17:02:00'),(3,44,1,0,3,2,'dfadsf','2010-07-11 17:08:00'),(4,66,1,0,2,2,'shouji1','2010-07-11 18:00:00'),(5,55,1,0,3,1,'dfsaf','2010-07-11 18:57:00');
/*!40000 ALTER TABLE `in_corde` ENABLE KEYS */;
UNLOCK TABLES;

--
-- Table structure for table `in_mantype`
--

DROP TABLE IF EXISTS `in_mantype`;
SET @saved_cs_client     = @@character_set_client;
SET character_set_client = utf8;
CREATE TABLE `in_mantype` (
  `id` smallint(4) NOT NULL auto_increment,
  `store` smallint(4) default NULL,
  `is_display` smallint(4) default NULL,
  `name` char(16) NOT NULL,
  PRIMARY KEY  (`id`)
) ENGINE=InnoDB AUTO_INCREMENT=4 DEFAULT CHARSET=latin1;
SET character_set_client = @saved_cs_client;

--
-- Dumping data for table `in_mantype`
--

LOCK TABLES `in_mantype` WRITE;
/*!40000 ALTER TABLE `in_mantype` DISABLE KEYS */;
INSERT INTO `in_mantype` VALUES (1,1,0,'jiaotong'),(2,2,1,'yingshi'),(3,3,1,'renqing');
/*!40000 ALTER TABLE `in_mantype` ENABLE KEYS */;
UNLOCK TABLES;

--
-- Table structure for table `in_subtype`
--

DROP TABLE IF EXISTS `in_subtype`;
SET @saved_cs_client     = @@character_set_client;
SET character_set_client = utf8;
CREATE TABLE `in_subtype` (
  `id` smallint(4) NOT NULL auto_increment,
  `man_id` smallint(4) NOT NULL,
  `store` smallint(4) default NULL,
  `is_display` smallint(4) default NULL,
  `name` char(16) NOT NULL,
  PRIMARY KEY  (`id`),
  KEY `man_id` (`man_id`),
  CONSTRAINT `in_subtype_ibfk_1` FOREIGN KEY (`man_id`) REFERENCES `in_mantype` (`id`) ON UPDATE CASCADE
) ENGINE=InnoDB AUTO_INCREMENT=3 DEFAULT CHARSET=latin1;
SET character_set_client = @saved_cs_client;

--
-- Dumping data for table `in_subtype`
--

LOCK TABLES `in_subtype` WRITE;
/*!40000 ALTER TABLE `in_subtype` DISABLE KEYS */;
INSERT INTO `in_subtype` VALUES (1,1,1,1,'gongjiaoche'),(2,1,1,1,'ditie');
/*!40000 ALTER TABLE `in_subtype` ENABLE KEYS */;
UNLOCK TABLES;

--
-- Table structure for table `out_corde`
--

DROP TABLE IF EXISTS `out_corde`;
SET @saved_cs_client     = @@character_set_client;
SET character_set_client = utf8;
CREATE TABLE `out_corde` (
  `id` int(6) NOT NULL auto_increment,
  `money` int(6) NOT NULL,
  `user_id` smallint(4) NOT NULL,
  `group_id` smallint(4) NOT NULL,
  `out_mantype_id` smallint(4) NOT NULL,
  `out_subtype_id` smallint(4) NOT NULL,
  `notes` varchar(50) default NULL,
  `date` datetime NOT NULL,
  PRIMARY KEY  (`id`),
  KEY `user_id` (`user_id`),
  KEY `group_id` (`group_id`),
  KEY `out_mantype_id` (`out_mantype_id`),
  KEY `out_subtype_id` (`out_subtype_id`),
  CONSTRAINT `out_corde_ibfk_1` FOREIGN KEY (`user_id`) REFERENCES `users` (`id`) ON UPDATE CASCADE,
  CONSTRAINT `out_corde_ibfk_2` FOREIGN KEY (`group_id`) REFERENCES `groups` (`id`) ON UPDATE CASCADE,
  CONSTRAINT `out_corde_ibfk_3` FOREIGN KEY (`out_mantype_id`) REFERENCES `out_mantype` (`id`) ON UPDATE CASCADE,
  CONSTRAINT `out_corde_ibfk_4` FOREIGN KEY (`out_subtype_id`) REFERENCES `out_subtype` (`id`) ON UPDATE CASCADE
) ENGINE=InnoDB AUTO_INCREMENT=27 DEFAULT CHARSET=latin1;
SET character_set_client = @saved_cs_client;

--
-- Dumping data for table `out_corde`
--

LOCK TABLES `out_corde` WRITE;
/*!40000 ALTER TABLE `out_corde` DISABLE KEYS */;
INSERT INTO `out_corde` VALUES (1,33,1,0,1,1,'fafsd','2010-07-11 16:59:00'),(2,10,1,0,3,2,'DDDDDDDDDD','2010-07-11 17:08:00'),(3,33,1,0,1,1,'CCCCCCCCCCCC','2010-07-11 17:11:00'),(4,55,1,0,1,1,'FFFFFFFFFF','2010-07-11 17:13:00'),(5,99,1,0,1,2,'HHHHHHHHHHH','2010-07-11 17:19:00'),(6,55,1,0,1,1,'QQQQQQQQQQ','2010-07-11 17:29:00'),(7,55,1,0,1,1,'dfa','2010-07-11 17:31:00'),(8,55,1,0,1,1,'DFDFDFDF','2010-07-11 17:32:00'),(9,33,1,0,1,1,'SSSSSSSSSSS','2010-07-11 17:33:00'),(10,10,1,0,1,1,'EEEEEEEEEEEE','2010-07-11 17:45:00'),(11,10,1,0,1,1,'RRRRRRRRRR','2010-07-11 17:45:00'),(12,88,1,0,1,1,'YYYYYYYYYY','2010-07-11 17:48:00'),(13,22,1,0,1,1,'jjjj','2010-07-11 17:52:00'),(14,111,1,0,1,1,'WWWWWWWWWW','2010-07-11 17:53:00'),(15,55,1,0,1,1,'BBBBBBBBBBf','2010-07-11 17:54:00'),(16,46,1,0,3,2,'shouji','2010-07-11 17:59:00'),(17,34,1,0,1,1,'qwe','2010-07-11 18:41:00'),(18,55,1,0,1,1,'VVVVVVVVVVVVV','2010-07-11 18:43:00'),(19,55,1,0,1,1,'XXXXXXXXX','2010-07-11 18:43:00'),(20,77,1,0,1,1,'LLLL','2010-07-11 18:48:00'),(21,44,1,0,1,1,'ZZZZZZZZZz','2010-07-11 18:50:00'),(22,66,1,0,1,1,'NNNNNNn','2010-07-11 18:54:00'),(23,10,1,0,1,1,'XEXEXE','2010-07-11 19:03:00'),(24,34,1,0,1,1,'abc','2010-07-11 19:08:00'),(25,90,1,0,1,1,'34','2010-07-11 19:09:00'),(26,76,1,0,3,2,'rew','2010-07-11 19:10:00');
/*!40000 ALTER TABLE `out_corde` ENABLE KEYS */;
UNLOCK TABLES;

--
-- Table structure for table `out_mantype`
--

DROP TABLE IF EXISTS `out_mantype`;
SET @saved_cs_client     = @@character_set_client;
SET character_set_client = utf8;
CREATE TABLE `out_mantype` (
  `id` smallint(4) NOT NULL auto_increment,
  `store` smallint(4) default NULL,
  `is_display` smallint(4) default NULL,
  `name` char(16) NOT NULL,
  PRIMARY KEY  (`id`)
) ENGINE=InnoDB AUTO_INCREMENT=4 DEFAULT CHARSET=latin1;
SET character_set_client = @saved_cs_client;

--
-- Dumping data for table `out_mantype`
--

LOCK TABLES `out_mantype` WRITE;
/*!40000 ALTER TABLE `out_mantype` DISABLE KEYS */;
INSERT INTO `out_mantype` VALUES (1,1,1,'renqing2'),(2,2,1,'yingshi2'),(3,3,1,'jiaotong2');
/*!40000 ALTER TABLE `out_mantype` ENABLE KEYS */;
UNLOCK TABLES;

--
-- Table structure for table `out_subtype`
--

DROP TABLE IF EXISTS `out_subtype`;
SET @saved_cs_client     = @@character_set_client;
SET character_set_client = utf8;
CREATE TABLE `out_subtype` (
  `id` smallint(4) NOT NULL auto_increment,
  `man_id` smallint(4) NOT NULL,
  `store` smallint(4) default NULL,
  `is_display` smallint(4) default NULL,
  `name` char(16) NOT NULL,
  PRIMARY KEY  (`id`),
  KEY `man_id` (`man_id`),
  CONSTRAINT `out_subtype_ibfk_1` FOREIGN KEY (`man_id`) REFERENCES `out_mantype` (`id`) ON UPDATE CASCADE
) ENGINE=InnoDB AUTO_INCREMENT=3 DEFAULT CHARSET=latin1;
SET character_set_client = @saved_cs_client;

--
-- Dumping data for table `out_subtype`
--

LOCK TABLES `out_subtype` WRITE;
/*!40000 ALTER TABLE `out_subtype` DISABLE KEYS */;
INSERT INTO `out_subtype` VALUES (1,1,1,1,'ditie2'),(2,1,2,1,'qingcai2');
/*!40000 ALTER TABLE `out_subtype` ENABLE KEYS */;
UNLOCK TABLES;

--
-- Table structure for table `users`
--

DROP TABLE IF EXISTS `users`;
SET @saved_cs_client     = @@character_set_client;
SET character_set_client = utf8;
CREATE TABLE `users` (
  `id` smallint(4) NOT NULL auto_increment,
  `username` char(16) NOT NULL,
  `password` char(20) NOT NULL,
  `notes` varchar(50) default NULL,
  PRIMARY KEY  (`id`)
) ENGINE=InnoDB AUTO_INCREMENT=2 DEFAULT CHARSET=latin1;
SET character_set_client = @saved_cs_client;

--
-- Dumping data for table `users`
--

LOCK TABLES `users` WRITE;
/*!40000 ALTER TABLE `users` DISABLE KEYS */;
INSERT INTO `users` VALUES (1,'chenbk','chenbk55','this is my');
/*!40000 ALTER TABLE `users` ENABLE KEYS */;
UNLOCK TABLES;
/*!40103 SET TIME_ZONE=@OLD_TIME_ZONE */;

/*!40101 SET SQL_MODE=@OLD_SQL_MODE */;
/*!40014 SET FOREIGN_KEY_CHECKS=@OLD_FOREIGN_KEY_CHECKS */;
/*!40014 SET UNIQUE_CHECKS=@OLD_UNIQUE_CHECKS */;
/*!40101 SET CHARACTER_SET_CLIENT=@OLD_CHARACTER_SET_CLIENT */;
/*!40101 SET CHARACTER_SET_RESULTS=@OLD_CHARACTER_SET_RESULTS */;
/*!40101 SET COLLATION_CONNECTION=@OLD_COLLATION_CONNECTION */;
/*!40111 SET SQL_NOTES=@OLD_SQL_NOTES */;

-- Dump completed on 2010-07-11 11:21:21
